MAE,RMSE
0.3815314169055862,2.597380572545168
