MAE,RMSE
0.3789500451256327,2.8351577633358103
