MAE,RMSE
0.3029871064721989,2.7095461757831343
