MAE,RMSE
0.6354731529990837,3.290197634837458
