MAE,RMSE
0.3187852914092862,2.5330477017084063
