MAE,RMSE
0.5786883286572717,3.298131086914112
